{
	"name": "Folha de eventos 1",
	"events": [
		{
			"eventType": "variable",
			"name": "vidaPlay",
			"type": "number",
			"initialValue": "4",
			"comment": "",
			"isStatic": false,
			"isConstant": false,
			"sid": 816448137177024
		},
		{
			"eventType": "variable",
			"name": "vidaini",
			"type": "number",
			"initialValue": "4",
			"comment": "",
			"isStatic": false,
			"isConstant": false,
			"sid": 558576389687847
		},
		{
			"eventType": "block",
			"conditions": [
				{
					"id": "on-start-of-layout",
					"objectClass": "System",
					"sid": 825730852115147
				}
			],
			"actions": [
				{
					"id": "set-visible",
					"objectClass": "Texto",
					"sid": 953284859658863,
					"parameters": {
						"visibility": "invisible"
					}
				},
				{
					"id": "set-enabled",
					"objectClass": "personagem",
					"sid": 820863752474694,
					"behaviorType": "Carro",
					"parameters": {
						"state": "disabled"
					}
				},
				{
					"id": "set-enabled",
					"objectClass": "personagem",
					"sid": 208492531804047,
					"behaviorType": "Plataforma",
					"parameters": {
						"state": "enabled"
					}
				}
			],
			"sid": 436643156493123
		},
		{
			"eventType": "block",
			"conditions": [
				{
					"id": "compare-x",
					"objectClass": "personagem",
					"sid": 907438760534056,
					"parameters": {
						"comparison": 4,
						"x-co-ordinate": "inimigo.X"
					}
				}
			],
			"actions": [
				{
					"id": "simulate-control",
					"objectClass": "inimigo",
					"sid": 637569990386618,
					"behaviorType": "Plataforma",
					"parameters": {
						"control": "right"
					}
				}
			],
			"sid": 843066587110741,
			"children": [
				{
					"eventType": "block",
					"conditions": [
						{
							"id": "is-mirrored",
							"objectClass": "inimigo",
							"sid": 868955210570363
						}
					],
					"actions": [
						{
							"id": "set-mirrored",
							"objectClass": "inimigo",
							"sid": 923289766868107,
							"parameters": {
								"state": "not-mirrored"
							}
						}
					],
					"sid": 669588962158669
				}
			]
		},
		{
			"eventType": "block",
			"conditions": [
				{
					"id": "compare-x",
					"objectClass": "personagem",
					"sid": 937905724241977,
					"parameters": {
						"comparison": 2,
						"x-co-ordinate": "inimigo.X"
					}
				}
			],
			"actions": [
				{
					"id": "simulate-control",
					"objectClass": "inimigo",
					"sid": 219703499603300,
					"behaviorType": "Plataforma",
					"parameters": {
						"control": "left"
					}
				}
			],
			"sid": 463530647090384,
			"children": [
				{
					"eventType": "block",
					"conditions": [
						{
							"id": "is-mirrored",
							"objectClass": "inimigo",
							"sid": 712883438723942,
							"isInverted": true
						}
					],
					"actions": [
						{
							"id": "set-mirrored",
							"objectClass": "inimigo",
							"sid": 698889405814512,
							"parameters": {
								"state": "mirrored"
							}
						}
					],
					"sid": 116306821739362
				}
			]
		},
		{
			"eventType": "block",
			"conditions": [
				{
					"id": "on-collision-with-another-object",
					"objectClass": "inimigo",
					"sid": 251667779939664,
					"parameters": {
						"object": "personagem"
					}
				}
			],
			"actions": [
				{
					"id": "subtract-from-eventvar",
					"objectClass": "System",
					"sid": 898908041067447,
					"parameters": {
						"variable": "vidaPlay",
						"value": "1"
					}
				}
			],
			"sid": 226235397440159
		},
		{
			"eventType": "block",
			"conditions": [
				{
					"id": "on-click",
					"objectClass": "Mouse",
					"sid": 197765132561957,
					"parameters": {
						"mouse-button": "left",
						"click-type": "clicked"
					}
				}
			],
			"actions": [
				{
					"id": "set-visible",
					"objectClass": "bala",
					"sid": 199517664626311,
					"parameters": {
						"visibility": "visible"
					}
				},
				{
					"id": "set-position-to-another-object",
					"objectClass": "bala",
					"sid": 792154138025177,
					"parameters": {
						"object": "personagem",
						"image-point-optional": "0"
					}
				},
				{
					"id": "set-angle-of-motion",
					"objectClass": "bala",
					"sid": 188284167780023,
					"behaviorType": "Projétil",
					"parameters": {
						"angle": "180"
					}
				}
			],
			"sid": 421351198680150
		},
		{
			"eventType": "block",
			"conditions": [
				{
					"id": "on-collision-with-another-object",
					"objectClass": "bala",
					"sid": 290992274748693,
					"parameters": {
						"object": "inimigo"
					}
				}
			],
			"actions": [
				{
					"id": "set-visible",
					"objectClass": "bala",
					"sid": 573921946599975,
					"parameters": {
						"visibility": "invisible"
					}
				},
				{
					"id": "subtract-from-eventvar",
					"objectClass": "System",
					"sid": 601207166427776,
					"parameters": {
						"variable": "vidaini",
						"value": "1"
					}
				}
			],
			"sid": 207054747976083
		},
		{
			"eventType": "block",
			"conditions": [
				{
					"id": "on-key-pressed",
					"objectClass": "Teclado",
					"sid": 883797492987469,
					"parameters": {
						"key": 37
					}
				}
			],
			"actions": [
				{
					"id": "set-mirrored",
					"objectClass": "personagem",
					"sid": 827589045237885,
					"parameters": {
						"state": "not-mirrored"
					}
				}
			],
			"sid": 482880759744800
		},
		{
			"eventType": "block",
			"conditions": [
				{
					"id": "on-key-pressed",
					"objectClass": "Teclado",
					"sid": 832377834730557,
					"parameters": {
						"key": 39
					}
				}
			],
			"actions": [
				{
					"id": "set-mirrored",
					"objectClass": "personagem",
					"sid": 756227452524987,
					"parameters": {
						"state": "mirrored"
					}
				}
			],
			"sid": 530019521095668
		},
		{
			"eventType": "block",
			"conditions": [
				{
					"id": "on-click",
					"objectClass": "Mouse",
					"sid": 863836426953213,
					"parameters": {
						"mouse-button": "left",
						"click-type": "clicked"
					}
				},
				{
					"id": "is-mirrored",
					"objectClass": "personagem",
					"sid": 712663996164347
				}
			],
			"actions": [
				{
					"id": "set-visible",
					"objectClass": "bala",
					"sid": 802391931176256,
					"parameters": {
						"visibility": "visible"
					}
				},
				{
					"id": "set-position-to-another-object",
					"objectClass": "bala",
					"sid": 691567859712922,
					"parameters": {
						"object": "personagem",
						"image-point-optional": "0"
					}
				},
				{
					"id": "set-angle-of-motion",
					"objectClass": "bala",
					"sid": 469231844590726,
					"behaviorType": "Projétil",
					"parameters": {
						"angle": "0"
					}
				}
			],
			"sid": 648117001395308
		},
		{
			"eventType": "block",
			"conditions": [
				{
					"id": "every-tick",
					"objectClass": "System",
					"sid": 497138332936953
				}
			],
			"actions": [
				{
					"id": "set-animation",
					"objectClass": "vidaPlay",
					"sid": 261035831062748,
					"parameters": {
						"animation": "\"\"&vidaPlay",
						"from": "beginning"
					}
				}
			],
			"sid": 590474536823436
		},
		{
			"eventType": "block",
			"conditions": [
				{
					"id": "compare-eventvar",
					"objectClass": "System",
					"sid": 983384381010917,
					"parameters": {
						"variable": "vidaPlay",
						"comparison": 3,
						"value": "0"
					}
				}
			],
			"actions": [
				{
					"id": "set-visible",
					"objectClass": "Texto",
					"sid": 342155884452679,
					"parameters": {
						"visibility": "visible"
					}
				},
				{
					"id": "wait",
					"objectClass": "System",
					"sid": 603857818389697,
					"parameters": {
						"seconds": "5.0"
					}
				},
				{
					"id": "restart-layout",
					"objectClass": "System",
					"sid": 185168136387095
				},
				{
					"id": "reset-global-variables",
					"objectClass": "System",
					"sid": 647205628870734
				}
			],
			"sid": 235977077818503
		},
		{
			"eventType": "block",
			"conditions": [
				{
					"id": "every-tick",
					"objectClass": "System",
					"sid": 774133437980536
				}
			],
			"actions": [
				{
					"id": "set-animation",
					"objectClass": "vidaIni",
					"sid": 465771875773232,
					"parameters": {
						"animation": "\"\"&vidaini",
						"from": "beginning"
					}
				}
			],
			"sid": 220619950691290
		},
		{
			"eventType": "block",
			"conditions": [
				{
					"id": "compare-eventvar",
					"objectClass": "System",
					"sid": 334755512529746,
					"parameters": {
						"variable": "vidaini",
						"comparison": 3,
						"value": "0"
					}
				}
			],
			"actions": [
				{
					"id": "destroy",
					"objectClass": "inimigo",
					"sid": 302623508718546
				},
				{
					"id": "set-visible",
					"objectClass": "Texto",
					"sid": 471206941380556,
					"parameters": {
						"visibility": "visible"
					}
				},
				{
					"id": "wait",
					"objectClass": "System",
					"sid": 330408554849232,
					"parameters": {
						"seconds": "5.0"
					}
				},
				{
					"id": "restart-layout",
					"objectClass": "System",
					"sid": 460574996720736
				},
				{
					"id": "reset-global-variables",
					"objectClass": "System",
					"sid": 267710877917565
				}
			],
			"sid": 586952098922462
		},
		{
			"eventType": "block",
			"conditions": [
				{
					"id": "on-object-clicked",
					"objectClass": "Mouse",
					"sid": 755920684948805,
					"parameters": {
						"mouse-button": "left",
						"click-type": "clicked",
						"object-clicked": "botãoDeHack"
					}
				}
			],
			"actions": [
				{
					"id": "flash",
					"objectClass": "personagem",
					"sid": 212859235716716,
					"behaviorType": "Piscar",
					"parameters": {
						"on-time": "0.1",
						"off-time": "0.1",
						"duration": "2.0"
					}
				},
				{
					"id": "set-animation",
					"objectClass": "personagem",
					"sid": 470162359611533,
					"parameters": {
						"animation": "\"nivel 2\"",
						"from": "beginning"
					}
				},
				{
					"id": "set-acceleration",
					"objectClass": "bala",
					"sid": 279484344304435,
					"behaviorType": "Projétil",
					"parameters": {
						"acceleration": "1000"
					}
				},
				{
					"id": "set-cursor-from-sprite",
					"objectClass": "Mouse",
					"sid": 793470325955982,
					"parameters": {
						"sprite": "Sprite"
					}
				}
			],
			"sid": 937144279107860
		}
	],
	"sid": 688723227446786
}