{
	"name": "Layout 1",
	"layers": [
		{
			"name": "Camada 0",
			"overriden": 0,
			"subLayers": [],
			"instances": [
				{
					"type": "chao",
					"properties": {
						"initially-visible": true,
						"initial-animation": "Animation 1",
						"initial-frame": 0,
						"enable-collisions": true,
						"live-preview": false
					},
					"uid": 2,
					"instanceVariables": {},
					"behaviors": {
						"Sólido": {
							"properties": {
								"enabled": true,
								"tags": ""
							}
						}
					},
					"world": {
						"x": 685.5,
						"y": 1085.9063146777216,
						"width": 1377,
						"height": 732.187370644557,
						"originX": 0.5,
						"originY": 0.5,
						"color": [
							1,
							1,
							1,
							1
						],
						"angle": 0,
						"zElevation": 0
					}
				},
				{
					"type": "personagem",
					"properties": {
						"initially-visible": true,
						"initial-animation": "nivel 1",
						"initial-frame": 0,
						"enable-collisions": true,
						"live-preview": false
					},
					"uid": 3,
					"instanceVariables": {},
					"behaviors": {
						"Plataforma": {
							"properties": {
								"max-speed": 1000,
								"acceleration": 1500,
								"deceleration": 1500,
								"jump-strength": 1000,
								"gravity": 1500,
								"max-fall-speed": 1000,
								"double-jump": false,
								"jump-sustain": 0,
								"default-controls": true,
								"enabled": true
							}
						},
						"RestritoAoLayout": {
							"properties": {
								"bound-by": "edge"
							}
						},
						"Piscar": {
							"properties": {}
						},
						"Carro": {
							"properties": {
								"max-speed": 350,
								"acceleration": 200,
								"deceleration": 300,
								"steer-speed": 225,
								"drift-recover": 185,
								"friction": 0.4,
								"turn-while-stopped": false,
								"set-angle": true,
								"default-controls": true,
								"enabled": true
							}
						}
					},
					"world": {
						"x": 1188.2961415326163,
						"y": 645.4648247486442,
						"width": 136.20000000000005,
						"height": 128,
						"originX": 0.4866666666666667,
						"originY": 0.6116666666666667,
						"color": [
							1,
							1,
							1,
							1
						],
						"angle": 0,
						"zElevation": 0
					}
				},
				{
					"type": "inimigo",
					"properties": {
						"initially-visible": true,
						"initial-animation": "Animation 1",
						"initial-frame": 0,
						"enable-collisions": true,
						"live-preview": false
					},
					"uid": 4,
					"instanceVariables": {},
					"behaviors": {
						"Plataforma": {
							"properties": {
								"max-speed": 900,
								"acceleration": 1500,
								"deceleration": 1500,
								"jump-strength": 650,
								"gravity": 1500,
								"max-fall-speed": 1000,
								"double-jump": false,
								"jump-sustain": 0,
								"default-controls": false,
								"enabled": true
							}
						},
						"RestritoAoLayout": {
							"properties": {
								"bound-by": "edge"
							}
						}
					},
					"world": {
						"x": 134,
						"y": 661,
						"width": 107,
						"height": 105,
						"originX": 0.5,
						"originY": 0.5,
						"color": [
							1,
							1,
							1,
							1
						],
						"angle": 0,
						"zElevation": 0
					}
				},
				{
					"type": "bala",
					"properties": {
						"initially-visible": true,
						"initial-animation": "Animation 1",
						"initial-frame": 0,
						"enable-collisions": true,
						"live-preview": false
					},
					"uid": 7,
					"instanceVariables": {},
					"behaviors": {
						"Projétil": {
							"properties": {
								"speed": 1000,
								"acceleration": 0,
								"gravity": 0,
								"bounce-off-solids": false,
								"set-angle": true,
								"step": false,
								"enabled": true
							}
						}
					},
					"world": {
						"x": 872,
						"y": 964,
						"width": 103.46865288136837,
						"height": 76.43658243425193,
						"originX": 0.5,
						"originY": 0.5,
						"color": [
							1,
							1,
							1,
							1
						],
						"angle": 0,
						"zElevation": 0
					}
				},
				{
					"type": "vidaPlay",
					"properties": {
						"initially-visible": true,
						"initial-animation": "4",
						"initial-frame": 0,
						"enable-collisions": true,
						"live-preview": false
					},
					"uid": 8,
					"instanceVariables": {},
					"behaviors": {},
					"world": {
						"x": 1063,
						"y": 54,
						"width": 253.80222981450672,
						"height": 97.60785674676762,
						"originX": 0.5,
						"originY": 0.5833333333333334,
						"color": [
							1,
							1,
							1,
							1
						],
						"angle": 0,
						"zElevation": 0
					}
				},
				{
					"type": "fotoPlau",
					"properties": {
						"initially-visible": true,
						"initial-animation": "Animation 3",
						"initial-frame": 0,
						"enable-collisions": true,
						"live-preview": false
					},
					"uid": 9,
					"instanceVariables": {},
					"behaviors": {},
					"world": {
						"x": 1233,
						"y": 53.84295705933646,
						"width": -124.048,
						"height": 118.75062322169893,
						"originX": 0.4960066555740433,
						"originY": 0.6597337770382695,
						"color": [
							1,
							1,
							1,
							1
						],
						"angle": 0,
						"zElevation": 0
					}
				},
				{
					"type": "vidaIni",
					"properties": {
						"initially-visible": true,
						"initial-animation": "4",
						"initial-frame": 0,
						"enable-collisions": true,
						"live-preview": false
					},
					"uid": 10,
					"instanceVariables": {},
					"behaviors": {},
					"world": {
						"x": 252,
						"y": 46.87322562139533,
						"width": 252,
						"height": 109.99494480146402,
						"originX": 0.5,
						"originY": 0.4351851851851852,
						"color": [
							1,
							1,
							1,
							1
						],
						"angle": 0,
						"zElevation": 0
					}
				},
				{
					"type": "fotoIni",
					"properties": {
						"initially-visible": true,
						"initial-animation": "Animation 2",
						"initial-frame": 0,
						"enable-collisions": true,
						"live-preview": false
					},
					"uid": 11,
					"instanceVariables": {},
					"behaviors": {},
					"world": {
						"x": 66.14583242538576,
						"y": 53.377647701129554,
						"width": 133.70833514922847,
						"height": 109.24470459774089,
						"originX": 0.5,
						"originY": 0.5,
						"color": [
							1,
							1,
							1,
							1
						],
						"angle": 0,
						"zElevation": 0
					}
				},
				{
					"type": "chao",
					"properties": {
						"initially-visible": true,
						"initial-animation": "Animation 1",
						"initial-frame": 0,
						"enable-collisions": true,
						"live-preview": false
					},
					"uid": 12,
					"instanceVariables": {},
					"behaviors": {
						"Sólido": {
							"properties": {
								"enabled": true,
								"tags": ""
							}
						}
					},
					"world": {
						"x": 1921.6240718550846,
						"y": 717.3317544462086,
						"width": 1471.1872689999661,
						"height": 1284.7646948630716,
						"originX": 0.5,
						"originY": 0.5,
						"color": [
							1,
							1,
							1,
							1
						],
						"angle": 4.713911992912374,
						"zElevation": 0
					}
				},
				{
					"type": "Texto",
					"properties": {
						"text": "reconectando...",
						"enable-bbcode": true,
						"font": "Arial",
						"size": 33,
						"line-height": 0,
						"bold": false,
						"italic": false,
						"color": [
							0,
							0,
							0,
							1
						],
						"horizontal-alignment": "left",
						"vertical-alignment": "top",
						"wrapping": "word",
						"text-direction": "ltr",
						"icon-set": -1,
						"initially-visible": true,
						"origin": "top-left",
						"read-aloud": false
					},
					"uid": 13,
					"instanceVariables": {},
					"behaviors": {},
					"world": {
						"x": 516,
						"y": 32,
						"width": 304,
						"height": 53,
						"originX": 0,
						"originY": 0,
						"color": [
							1,
							1,
							1,
							1
						],
						"angle": 0,
						"zElevation": 0
					}
				},
				{
					"type": "botãoDeHack",
					"properties": {
						"initially-visible": true,
						"initial-animation": "Animation 1",
						"initial-frame": 0,
						"enable-collisions": true,
						"live-preview": false
					},
					"uid": 14,
					"instanceVariables": {},
					"behaviors": {},
					"world": {
						"x": 1154,
						"y": 153.5,
						"width": 250,
						"height": 89,
						"originX": 0.5,
						"originY": 0.5,
						"color": [
							1,
							1,
							1,
							1
						],
						"angle": 0,
						"zElevation": 0
					}
				},
				{
					"type": "Texto2",
					"properties": {
						"text": "hack",
						"enable-bbcode": true,
						"font": "Comic Sans MS",
						"size": 27,
						"line-height": 0,
						"bold": false,
						"italic": false,
						"color": [
							0,
							0,
							0,
							1
						],
						"horizontal-alignment": "left",
						"vertical-alignment": "top",
						"wrapping": "word",
						"text-direction": "ltr",
						"icon-set": -1,
						"initially-visible": true,
						"origin": "top-left",
						"read-aloud": false
					},
					"uid": 16,
					"instanceVariables": {},
					"behaviors": {},
					"world": {
						"x": 1118.6237417923423,
						"y": 126.14410746865403,
						"width": 176,
						"height": 68,
						"originX": 0,
						"originY": 0,
						"color": [
							1,
							1,
							1,
							1
						],
						"angle": 0,
						"zElevation": 0
					}
				},
				{
					"type": "Sprite2",
					"properties": {
						"initially-visible": true,
						"initial-animation": "Animation 1",
						"initial-frame": 0,
						"enable-collisions": true,
						"live-preview": false
					},
					"uid": 18,
					"instanceVariables": {},
					"behaviors": {},
					"world": {
						"x": 521.7275271667091,
						"y": 153.507835506537,
						"width": 1053.4550543334183,
						"height": 88.93434374722732,
						"originX": 0.5,
						"originY": 0.5,
						"color": [
							1,
							1,
							1,
							1
						],
						"angle": 0,
						"zElevation": 0
					}
				},
				{
					"type": "Texto2",
					"properties": {
						"text": "este jogo foi feito por Caio",
						"enable-bbcode": true,
						"font": "Comic Sans MS",
						"size": 41,
						"line-height": 0,
						"bold": false,
						"italic": false,
						"color": [
							0,
							0,
							0,
							1
						],
						"horizontal-alignment": "left",
						"vertical-alignment": "top",
						"wrapping": "word",
						"text-direction": "ltr",
						"icon-set": -1,
						"initially-visible": true,
						"origin": "top-left",
						"read-aloud": false
					},
					"uid": 17,
					"instanceVariables": {},
					"behaviors": {},
					"world": {
						"x": 8,
						"y": 115,
						"width": 708,
						"height": 70,
						"originX": 0,
						"originY": 0,
						"color": [
							1,
							1,
							1,
							1
						],
						"angle": 0,
						"zElevation": 0
					}
				}
			],
			"sid": 322283821132031,
			"effectTypes": [],
			"isInitiallyVisible": true,
			"isInitiallyInteractive": true,
			"isHTMLElementsLayer": false,
			"color": [
				1,
				1,
				1,
				1
			],
			"backgroundColor": [
				0.5019607843137255,
				0.5019607843137255,
				0.5019607843137255,
				1
			],
			"isTransparent": false,
			"parallaxX": 1,
			"parallaxY": 1,
			"scaleRate": 1,
			"forceOwnTexture": false,
			"renderingMode": "3d",
			"drawOrder": "z-order",
			"useRenderCells": false,
			"blendMode": "normal",
			"zElevation": 0,
			"global": false
		}
	],
	"sid": 926268171056516,
	"nonworld-instances": [],
	"effectTypes": [],
	"width": 2560,
	"height": 1440,
	"unboundedScrolling": false,
	"vpX": 0.5,
	"vpY": 0.5,
	"projection": "perspective",
	"eventSheet": "Folha de eventos 1"
}