{"propertiesBar":{"properties":[{"name":"Layout","expanded":true,"children":[{"name":"Tamanho","expanded":false,"children":[]},{"name":"Ponto de fuga","expanded":false,"children":[]}]},{"name":"Efeitos","expanded":true,"children":[]},{"name":"Editor","expanded":true,"children":[{"name":"Margens","expanded":false,"children":[]},{"name":"Tamanho do grid","expanded":false,"children":[]},{"name":"Deslocamento do grid","expanded":false,"children":[]}]}],"scrollPosition":9.090909004211426},"layersBar":{"name":"<root>","children":[{"name":"Camada 0","expanded":true,"children":[]}]},"grid":{"show":false,"snap":false,"width":32,"height":32,"offsetX":0,"offsetY":0},"marginWidth":1000,"marginHeight":1000,"showCollisionPolygons":false,"showMeshes":false,"showTranslucentInactiveLayers":false,"showSceneGraphConnections":true,"tabColor":[0.9999999999999999,0.95,0.8000000000000002,1],"tabTextColor":null,"layers":[{"name":"Camada 0","propertiesBar":{},"visibleInEditor":true,"locked":false,"parallaxInEditor":false,"opacity":1,"translucent":false}],"view":{"x":1280,"y":720,"z":860.9625229223496,"activeLayer":"Camada 0"},"selectedInstances":[],"lockedInstances":[],"instanceCollections":[{"uids":[8,9],"properties":{"properties":[{"name":"Propriedades do tipo de objeto","expanded":true,"children":[]},{"name":"Comum","expanded":true,"children":[{"name":"Posição","expanded":false,"children":[]},{"name":"Tamanho","expanded":false,"children":[]}]},{"name":"Efeitos","expanded":true,"children":[]},{"name":"Propriedades","expanded":true,"children":[]}],"scrollPosition":9.090909004211426}},{"uids":[10,11],"properties":{"properties":[{"name":"Propriedades do tipo de objeto","expanded":true,"children":[]},{"name":"Comum","expanded":true,"children":[{"name":"Posição","expanded":false,"children":[]},{"name":"Tamanho","expanded":false,"children":[]}]},{"name":"Efeitos","expanded":true,"children":[]},{"name":"Propriedades","expanded":true,"children":[]}],"scrollPosition":9.090909004211426}},{"uids":[10],"properties":{"properties":[{"name":"Propriedades do tipo de objeto","expanded":true,"children":[]},{"name":"Comum","expanded":true,"children":[{"name":"Posição","expanded":false,"children":[]},{"name":"Tamanho","expanded":false,"children":[]}]},{"name":"Variáveis de instância","expanded":true,"children":[]},{"name":"Comportamentos","expanded":true,"children":[]},{"name":"Efeitos","expanded":true,"children":[]},{"name":"Container","expanded":true,"children":[]},{"name":"Template","expanded":true,"children":[]},{"name":"Propriedades","expanded":true,"children":[]}],"scrollPosition":9.090909004211426}},{"uids":[10],"properties":{"properties":[{"name":"Propriedades do tipo de objeto","expanded":true,"children":[]},{"name":"Comum","expanded":true,"children":[{"name":"Posição","expanded":false,"children":[]},{"name":"Tamanho","expanded":false,"children":[]}]},{"name":"Variáveis de instância","expanded":true,"children":[]},{"name":"Comportamentos","expanded":true,"children":[]},{"name":"Efeitos","expanded":true,"children":[]},{"name":"Container","expanded":true,"children":[]},{"name":"Template","expanded":true,"children":[]},{"name":"Propriedades","expanded":true,"children":[]}],"scrollPosition":9.090909004211426}},{"uids":[8],"properties":{"properties":[{"name":"Propriedades do tipo de objeto","expanded":true,"children":[]},{"name":"Comum","expanded":true,"children":[{"name":"Posição","expanded":false,"children":[]},{"name":"Tamanho","expanded":false,"children":[]}]},{"name":"Variáveis de instância","expanded":true,"children":[]},{"name":"Comportamentos","expanded":true,"children":[]},{"name":"Efeitos","expanded":true,"children":[]},{"name":"Container","expanded":true,"children":[]},{"name":"Template","expanded":true,"children":[]},{"name":"Propriedades","expanded":true,"children":[]}],"scrollPosition":9.090909004211426}},{"uids":[11],"properties":{"properties":[{"name":"Propriedades do tipo de objeto","expanded":true,"children":[]},{"name":"Comum","expanded":true,"children":[{"name":"Posição","expanded":false,"children":[]},{"name":"Tamanho","expanded":false,"children":[]}]},{"name":"Variáveis de instância","expanded":true,"children":[]},{"name":"Comportamentos","expanded":true,"children":[]},{"name":"Efeitos","expanded":true,"children":[]},{"name":"Container","expanded":true,"children":[]},{"name":"Template","expanded":true,"children":[]},{"name":"Propriedades","expanded":true,"children":[]}],"scrollPosition":9.090909004211426}},{"uids":[7],"properties":{"properties":[{"name":"Propriedades do tipo de objeto","expanded":true,"children":[]},{"name":"Comum","expanded":true,"children":[{"name":"Posição","expanded":false,"children":[]},{"name":"Tamanho","expanded":false,"children":[]}]},{"name":"Variáveis de instância","expanded":true,"children":[]},{"name":"Comportamentos","expanded":true,"children":[{"name":"Projétil","expanded":true,"children":[]}]},{"name":"Efeitos","expanded":true,"children":[]},{"name":"Container","expanded":true,"children":[]},{"name":"Template","expanded":true,"children":[]},{"name":"Propriedades","expanded":true,"children":[]}],"scrollPosition":9.090909004211426}},{"uids":[4],"properties":{"properties":[{"name":"Propriedades do tipo de objeto","expanded":true,"children":[]},{"name":"Comum","expanded":true,"children":[{"name":"Posição","expanded":false,"children":[]},{"name":"Tamanho","expanded":false,"children":[]}]},{"name":"Variáveis de instância","expanded":true,"children":[]},{"name":"Comportamentos","expanded":true,"children":[{"name":"Plataforma","expanded":true,"children":[]},{"name":"RestritoAoLayout","expanded":true,"children":[]}]},{"name":"Efeitos","expanded":true,"children":[]},{"name":"Container","expanded":true,"children":[]},{"name":"Template","expanded":true,"children":[]},{"name":"Propriedades","expanded":true,"children":[]}],"scrollPosition":9.090909004211426}},{"uids":[3],"properties":{"properties":[{"name":"Propriedades do tipo de objeto","expanded":true,"children":[]},{"name":"Comum","expanded":true,"children":[{"name":"Posição","expanded":false,"children":[]},{"name":"Tamanho","expanded":false,"children":[]}]},{"name":"Variáveis de instância","expanded":true,"children":[]},{"name":"Comportamentos","expanded":true,"children":[{"name":"Plataforma","expanded":true,"children":[]},{"name":"RestritoAoLayout","expanded":true,"children":[]},{"name":"Carro","expanded":true,"children":[]}]},{"name":"Efeitos","expanded":true,"children":[]},{"name":"Container","expanded":true,"children":[]},{"name":"Template","expanded":true,"children":[]},{"name":"Propriedades","expanded":true,"children":[]}],"scrollPosition":9.090909004211426}},{"uids":[13],"properties":{"properties":[{"name":"Propriedades do tipo de objeto","expanded":true,"children":[]},{"name":"Comum","expanded":true,"children":[{"name":"Posição","expanded":false,"children":[]},{"name":"Tamanho","expanded":false,"children":[]}]},{"name":"Variáveis de instância","expanded":true,"children":[]},{"name":"Comportamentos","expanded":true,"children":[]},{"name":"Efeitos","expanded":true,"children":[]},{"name":"Container","expanded":true,"children":[]},{"name":"Template","expanded":true,"children":[]},{"name":"Propriedades","expanded":true,"children":[]},{"name":"Acessibilidade","expanded":true,"children":[]}],"scrollPosition":9.090909004211426}},{"uids":[17],"properties":{"properties":[{"name":"Propriedades do tipo de objeto","expanded":true,"children":[]},{"name":"Comum","expanded":true,"children":[{"name":"Posição","expanded":false,"children":[]},{"name":"Tamanho","expanded":false,"children":[]}]},{"name":"Variáveis de instância","expanded":true,"children":[]},{"name":"Comportamentos","expanded":true,"children":[]},{"name":"Efeitos","expanded":true,"children":[]},{"name":"Container","expanded":true,"children":[]},{"name":"Template","expanded":true,"children":[]},{"name":"Propriedades","expanded":true,"children":[]}],"scrollPosition":9.090909004211426}},{"uids":[18],"properties":{"properties":[{"name":"Propriedades do tipo de objeto","expanded":true,"children":[]},{"name":"Comum","expanded":true,"children":[{"name":"Posição","expanded":false,"children":[]},{"name":"Tamanho","expanded":false,"children":[]}]},{"name":"Variáveis de instância","expanded":true,"children":[]},{"name":"Comportamentos","expanded":true,"children":[]},{"name":"Efeitos","expanded":true,"children":[]},{"name":"Container","expanded":true,"children":[]},{"name":"Template","expanded":true,"children":[]},{"name":"Propriedades","expanded":true,"children":[]}],"scrollPosition":9.090909004211426}},{"uids":[17],"properties":{"properties":[{"name":"Propriedades do tipo de objeto","expanded":true,"children":[]},{"name":"Comum","expanded":true,"children":[{"name":"Posição","expanded":false,"children":[]},{"name":"Tamanho","expanded":false,"children":[]}]},{"name":"Variáveis de instância","expanded":true,"children":[]},{"name":"Comportamentos","expanded":true,"children":[]},{"name":"Efeitos","expanded":true,"children":[]},{"name":"Container","expanded":true,"children":[]},{"name":"Template","expanded":true,"children":[]},{"name":"Propriedades","expanded":true,"children":[]},{"name":"Acessibilidade","expanded":true,"children":[]}],"scrollPosition":9.090909004211426}},{"uids":[14],"properties":{"properties":[{"name":"Propriedades do tipo de objeto","expanded":true,"children":[]},{"name":"Comum","expanded":true,"children":[{"name":"Posição","expanded":false,"children":[]},{"name":"Tamanho","expanded":false,"children":[]}]},{"name":"Variáveis de instância","expanded":true,"children":[]},{"name":"Comportamentos","expanded":true,"children":[]},{"name":"Efeitos","expanded":true,"children":[]},{"name":"Container","expanded":true,"children":[]},{"name":"Template","expanded":true,"children":[]},{"name":"Propriedades","expanded":true,"children":[]}],"scrollPosition":9.090909004211426}},{"uids":[16],"properties":{"properties":[{"name":"Propriedades do tipo de objeto","expanded":true,"children":[]},{"name":"Comum","expanded":true,"children":[{"name":"Posição","expanded":false,"children":[]},{"name":"Tamanho","expanded":false,"children":[]}]},{"name":"Variáveis de instância","expanded":true,"children":[]},{"name":"Comportamentos","expanded":true,"children":[]},{"name":"Efeitos","expanded":true,"children":[]},{"name":"Container","expanded":true,"children":[]},{"name":"Template","expanded":true,"children":[]},{"name":"Propriedades","expanded":true,"children":[]},{"name":"Acessibilidade","expanded":true,"children":[]}],"scrollPosition":9.090909004211426}},{"uids":[2],"properties":{"properties":[{"name":"Propriedades do tipo de objeto","expanded":true,"children":[]},{"name":"Comum","expanded":true,"children":[{"name":"Posição","expanded":false,"children":[]},{"name":"Tamanho","expanded":false,"children":[]}]},{"name":"Variáveis de instância","expanded":true,"children":[]},{"name":"Comportamentos","expanded":true,"children":[{"name":"Sólido","expanded":true,"children":[]}]},{"name":"Efeitos","expanded":true,"children":[]},{"name":"Container","expanded":true,"children":[]},{"name":"Template","expanded":true,"children":[]},{"name":"Propriedades","expanded":true,"children":[]}],"scrollPosition":9.090909004211426}},{"uids":[9],"properties":{"properties":[{"name":"Propriedades do tipo de objeto","expanded":true,"children":[]},{"name":"Comum","expanded":true,"children":[{"name":"Posição","expanded":false,"children":[]},{"name":"Tamanho","expanded":false,"children":[]}]},{"name":"Variáveis de instância","expanded":true,"children":[]},{"name":"Comportamentos","expanded":true,"children":[]},{"name":"Efeitos","expanded":true,"children":[]},{"name":"Container","expanded":true,"children":[]},{"name":"Template","expanded":true,"children":[]},{"name":"Propriedades","expanded":true,"children":[]}],"scrollPosition":9.090909004211426}},{"uids":[12],"properties":{"properties":[{"name":"Propriedades do tipo de objeto","expanded":true,"children":[]},{"name":"Comum","expanded":true,"children":[{"name":"Posição","expanded":false,"children":[]},{"name":"Tamanho","expanded":false,"children":[]}]},{"name":"Variáveis de instância","expanded":true,"children":[]},{"name":"Comportamentos","expanded":true,"children":[{"name":"Sólido","expanded":true,"children":[]}]},{"name":"Efeitos","expanded":true,"children":[]},{"name":"Container","expanded":true,"children":[]},{"name":"Template","expanded":true,"children":[]},{"name":"Propriedades","expanded":true,"children":[]}],"scrollPosition":9.090909004211426}}]}