{
	"name": "vidaIni",
	"plugin-id": "Sprite",
	"sid": 794822883981935,
	"isGlobal": false,
	"instanceVariables": [],
	"behaviorTypes": [],
	"effectTypes": [],
	"animations": {
		"items": [
			{
				"frames": [
					{
						"width": 252,
						"height": 108,
						"originX": 0.5,
						"originY": 0.4351851851851852,
						"originalSource": "",
						"exportFormat": "lossless",
						"exportQuality": 0.8,
						"imageSpriteId": 9933120,
						"collisionPoly": {
							"points": [
								0.003968253968253968,
								0,
								0.996031746031746,
								0,
								0.996031746031746,
								1,
								0.003968253968253968,
								1
							]
						},
						"useCollisionPoly": true,
						"duration": 1,
						"tag": ""
					}
				],
				"sid": 352574655577480,
				"name": "4",
				"isLooping": false,
				"isPingPong": false,
				"repeatCount": 1,
				"repeatTo": 0,
				"speed": 5
			},
			{
				"frames": [
					{
						"width": 252,
						"height": 108,
						"originX": 0.5,
						"originY": 0.4351851851851852,
						"originalSource": "",
						"exportFormat": "lossless",
						"exportQuality": 0.8,
						"imageSpriteId": 9222539,
						"collisionPoly": {
							"points": [
								0.003968253968253968,
								0,
								0.996031746031746,
								0,
								0.996031746031746,
								1,
								0.003968253968253968,
								1
							]
						},
						"useCollisionPoly": true,
						"duration": 1,
						"tag": ""
					}
				],
				"sid": 686199267766234,
				"name": "3",
				"isLooping": false,
				"isPingPong": false,
				"repeatCount": 1,
				"repeatTo": 0,
				"speed": 5
			},
			{
				"frames": [
					{
						"width": 252,
						"height": 108,
						"originX": 0.5,
						"originY": 0.4351851851851852,
						"originalSource": "",
						"exportFormat": "lossless",
						"exportQuality": 0.8,
						"imageSpriteId": 8277842,
						"collisionPoly": {
							"points": [
								0.003968253968253968,
								0,
								0.996031746031746,
								0,
								0.996031746031746,
								1,
								0.003968253968253968,
								1
							]
						},
						"useCollisionPoly": true,
						"duration": 1,
						"tag": ""
					}
				],
				"sid": 696067587720667,
				"name": "2",
				"isLooping": false,
				"isPingPong": false,
				"repeatCount": 1,
				"repeatTo": 0,
				"speed": 5
			},
			{
				"frames": [
					{
						"width": 252,
						"height": 108,
						"originX": 0.5,
						"originY": 0.4351851851851852,
						"originalSource": "",
						"exportFormat": "lossless",
						"exportQuality": 0.8,
						"imageSpriteId": 4293138,
						"collisionPoly": {
							"points": [
								0.003968253968253968,
								0,
								0.996031746031746,
								0,
								0.996031746031746,
								1,
								0.003968253968253968,
								1
							]
						},
						"useCollisionPoly": true,
						"duration": 1,
						"tag": ""
					}
				],
				"sid": 957373023478594,
				"name": "1",
				"isLooping": false,
				"isPingPong": false,
				"repeatCount": 1,
				"repeatTo": 0,
				"speed": 5
			}
		],
		"subfolders": []
	}
}