[["chao",{"animations":"{\"expanded\":true,\"subfolders\":[]}"}],["personagem",{"animations":"{\"expanded\":true,\"subfolders\":[]}"}],["inimigo",{"animations":"{\"expanded\":true,\"subfolders\":[]}"}],["bala",{"animations":"{\"expanded\":true,\"subfolders\":[]}"}],["vidaPlay",{"animations":"{\"expanded\":true,\"subfolders\":[]}"}],["fotoPlau",{"animations":"{\"expanded\":true,\"subfolders\":[]}"}],["vidaIni",{"animations":"{\"expanded\":true,\"subfolders\":[]}"}],["fotoIni",{"animations":"{\"expanded\":true,\"subfolders\":[]}"}],["botãoDeHack",{"animations":"{\"expanded\":true,\"subfolders\":[]}"}],["Sprite",{"animations":"{\"expanded\":true,\"subfolders\":[]}"}],["Sprite2",{"animations":"{\"expanded\":true,\"subfolders\":[]}"}]]