{
	"name": "personagem",
	"plugin-id": "Sprite",
	"sid": 794931997603399,
	"isGlobal": false,
	"instanceVariables": [],
	"behaviorTypes": [
		{
			"behaviorId": "Platform",
			"name": "Plataforma",
			"sid": 956389373430547
		},
		{
			"behaviorId": "bound",
			"name": "RestritoAoLayout",
			"sid": 499694055067433
		},
		{
			"behaviorId": "Flash",
			"name": "Piscar",
			"sid": 696022570757502
		},
		{
			"behaviorId": "Car",
			"name": "Carro",
			"sid": 566076483066792
		}
	],
	"effectTypes": [],
	"animations": {
		"items": [
			{
				"frames": [
					{
						"width": 1200,
						"height": 1200,
						"originX": 0.4866666666666667,
						"originY": 0.6116666666666667,
						"originalSource": "",
						"exportFormat": "lossless",
						"exportQuality": 0.8,
						"imageSpriteId": 481792,
						"collisionPoly": {
							"points": [
								1,
								1,
								0,
								1,
								0,
								0,
								1,
								0
							]
						},
						"useCollisionPoly": true,
						"duration": 1,
						"tag": ""
					}
				],
				"sid": 746174177115021,
				"name": "nivel 1",
				"isLooping": false,
				"isPingPong": false,
				"repeatCount": 1,
				"repeatTo": 0,
				"speed": 5
			},
			{
				"frames": [
					{
						"width": 1200,
						"height": 1200,
						"originX": 0.486784140969163,
						"originY": 0.61068281938326,
						"originalSource": "",
						"exportFormat": "lossless",
						"exportQuality": 0.8,
						"imageSpriteId": 785160,
						"collisionPoly": {
							"points": [
								0.9955947136563876,
								0.9955947136563876,
								0.004405286343612335,
								0.9955947136563876,
								0.004405286343612335,
								0.004405286343612335,
								0.9955947136563876,
								0.004405286343612335
							]
						},
						"useCollisionPoly": true,
						"duration": 1,
						"tag": ""
					}
				],
				"sid": 179861762751701,
				"name": "nivel 2",
				"isLooping": false,
				"isPingPong": false,
				"repeatCount": 1,
				"repeatTo": 0,
				"speed": 5
			}
		],
		"subfolders": []
	}
}