{
	"name": "vidaPlay",
	"plugin-id": "Sprite",
	"sid": 359450599796574,
	"isGlobal": false,
	"instanceVariables": [],
	"behaviorTypes": [],
	"effectTypes": [],
	"animations": {
		"items": [
			{
				"frames": [
					{
						"width": 252,
						"height": 84,
						"originX": 0.5,
						"originY": 0.5833333333333334,
						"originalSource": "",
						"exportFormat": "lossless",
						"exportQuality": 0.8,
						"imageSpriteId": 9267592,
						"collisionPoly": {
							"points": [
								0.003968253968253968,
								0,
								0.996031746031746,
								0,
								0.996031746031746,
								1,
								0.003968253968253968,
								1
							]
						},
						"useCollisionPoly": true,
						"duration": 1,
						"tag": ""
					}
				],
				"sid": 704939272337578,
				"name": "4",
				"isLooping": false,
				"isPingPong": false,
				"repeatCount": 1,
				"repeatTo": 0,
				"speed": 5
			},
			{
				"frames": [
					{
						"width": 252,
						"height": 84,
						"originX": 0.5,
						"originY": 0.5833333333333334,
						"originalSource": "",
						"exportFormat": "lossless",
						"exportQuality": 0.8,
						"imageSpriteId": 8872953,
						"collisionPoly": {
							"points": [
								0.003968253968253968,
								0,
								0.996031746031746,
								0,
								0.996031746031746,
								1,
								0.003968253968253968,
								1
							]
						},
						"useCollisionPoly": true,
						"duration": 1,
						"tag": ""
					}
				],
				"sid": 197651333903202,
				"name": "3",
				"isLooping": false,
				"isPingPong": false,
				"repeatCount": 1,
				"repeatTo": 0,
				"speed": 5
			},
			{
				"frames": [
					{
						"width": 252,
						"height": 84,
						"originX": 0.5,
						"originY": 0.5833333333333334,
						"originalSource": "",
						"exportFormat": "lossless",
						"exportQuality": 0.8,
						"imageSpriteId": 7656366,
						"collisionPoly": {
							"points": [
								0.003968253968253968,
								0,
								0.996031746031746,
								0,
								0.996031746031746,
								1,
								0.003968253968253968,
								1
							]
						},
						"useCollisionPoly": true,
						"duration": 1,
						"tag": ""
					}
				],
				"sid": 982095541180003,
				"name": "2",
				"isLooping": false,
				"isPingPong": false,
				"repeatCount": 1,
				"repeatTo": 0,
				"speed": 5
			},
			{
				"frames": [
					{
						"width": 252,
						"height": 84,
						"originX": 0.5,
						"originY": 0.5833333333333334,
						"originalSource": "",
						"exportFormat": "lossless",
						"exportQuality": 0.8,
						"imageSpriteId": 5503525,
						"collisionPoly": {
							"points": [
								0.003968253968253968,
								0,
								0.996031746031746,
								0,
								0.996031746031746,
								1,
								0.003968253968253968,
								1
							]
						},
						"useCollisionPoly": true,
						"duration": 1,
						"tag": ""
					}
				],
				"sid": 921408567482911,
				"name": "1",
				"isLooping": false,
				"isPingPong": false,
				"repeatCount": 1,
				"repeatTo": 0,
				"speed": 5
			}
		],
		"subfolders": []
	}
}