{
	"name": "Sprite",
	"plugin-id": "Sprite",
	"sid": 969468094465203,
	"isGlobal": false,
	"instanceVariables": [],
	"behaviorTypes": [],
	"effectTypes": [],
	"animations": {
		"items": [
			{
				"frames": [
					{
						"width": 662,
						"height": 377,
						"originX": 0.5,
						"originY": 0.5,
						"originalSource": "",
						"exportFormat": "lossless",
						"exportQuality": 0.8,
						"imageSpriteId": 1237300,
						"collisionPoly": {
							"points": [
								0.3640483383685801,
								0,
								0.6450151057401813,
								0.013262599469496022,
								0.7537764350453172,
								0.6710875331564987,
								0.7537764350453172,
								0.7453580901856764,
								0.649546827794562,
								0.9602122015915119,
								0.554380664652568,
								0.9973474801061007,
								0.39123867069486407,
								0.9814323607427056,
								0.30060422960725075,
								0.9124668435013262,
								0.27492447129909364,
								0.870026525198939,
								0.2583081570996979,
								0.8222811671087533,
								0.24622356495468278,
								0.7480106100795756,
								0.24622356495468278,
								0.6710875331564987
							]
						},
						"useCollisionPoly": true,
						"duration": 1,
						"tag": ""
					}
				],
				"sid": 262668708307800,
				"name": "Animation 1",
				"isLooping": false,
				"isPingPong": false,
				"repeatCount": 1,
				"repeatTo": 0,
				"speed": 5
			}
		],
		"subfolders": []
	}
}