{
	"name": "bala",
	"plugin-id": "Sprite",
	"sid": 701018716141702,
	"isGlobal": false,
	"instanceVariables": [],
	"behaviorTypes": [
		{
			"behaviorId": "Bullet",
			"name": "Projétil",
			"sid": 186713614136607
		}
	],
	"effectTypes": [],
	"animations": {
		"items": [
			{
				"frames": [
					{
						"width": 500,
						"height": 500,
						"originX": 0.5,
						"originY": 0.5,
						"originalSource": "",
						"exportFormat": "lossless",
						"exportQuality": 0.8,
						"imageSpriteId": 8792771,
						"collisionPoly": {
							"points": [
								0.594,
								0.364,
								0.766,
								0.406,
								0.594,
								0.568,
								0.22399999999999998,
								0.57,
								0.18999999999999995,
								0.404
							]
						},
						"useCollisionPoly": true,
						"duration": 1,
						"tag": ""
					}
				],
				"sid": 138397648283614,
				"name": "Animation 1",
				"isLooping": false,
				"isPingPong": false,
				"repeatCount": 1,
				"repeatTo": 0,
				"speed": 5
			}
		],
		"subfolders": []
	}
}