{
	"name": "fotoPlau",
	"plugin-id": "Sprite",
	"sid": 206949653751955,
	"isGlobal": false,
	"instanceVariables": [],
	"behaviorTypes": [],
	"effectTypes": [],
	"animations": {
		"items": [
			{
				"frames": [
					{
						"width": 1202,
						"height": 1202,
						"originX": 0.4960066555740433,
						"originY": 0.6597337770382695,
						"originalSource": "",
						"exportFormat": "lossless",
						"exportQuality": 0.8,
						"imageSpriteId": 1162444,
						"collisionPoly": {
							"points": [
								0.0008319467554076539,
								0.0008319467554076539,
								0.9991680532445923,
								0.0008319467554076539,
								0.9991680532445923,
								0.9991680532445923,
								0.0008319467554076539,
								0.9991680532445923
							]
						},
						"useCollisionPoly": true,
						"duration": 1,
						"tag": ""
					}
				],
				"sid": 738264990645493,
				"name": "Animation 3",
				"isLooping": false,
				"isPingPong": false,
				"repeatCount": 1,
				"repeatTo": 0,
				"speed": 5
			}
		],
		"subfolders": []
	}
}